Id,OverallQual,TotalBsmtSF,1stFlrSF,GrLivArea,FullBath,GarageCars,GarageArea,YrSold
1461,5,882.0,896,896,1,1.0,730.0,2010
1462,6,1329.0,1329,1329,1,1.0,312.0,2010
1463,5,928.0,928,1629,2,2.0,482.0,2010
1464,6,926.0,926,1604,2,2.0,470.0,2010
1465,8,1280.0,1280,1280,2,2.0,506.0,2010
1466,6,763.0,763,1655,2,2.0,440.0,2010
1467,6,1168.0,1187,1187,2,2.0,420.0,2010
1468,6,789.0,789,1465,2,2.0,393.0,2010
1469,7,1300.0,1341,1341,1,2.0,506.0,2010
1470,4,882.0,882,882,1,2.0,525.0,2010
1471,7,1405.0,1337,1337,2,2.0,511.0,2010
1472,6,483.0,483,987,1,1.0,264.0,2010
1473,5,525.0,525,1092,1,1.0,320.0,2010
1474,6,855.0,855,1456,2,2.0,440.0,2010
1475,7,836.0,836,836,1,1.0,308.0,2010
1476,9,1590.0,1627,2334,2,3.0,751.0,2010
1477,8,1544.0,1544,1544,2,3.0,868.0,2010
1478,9,1698.0,1698,1698,2,3.0,730.0,2010
1479,8,1822.0,1822,1822,2,3.0,678.0,2010
1480,9,2846.0,2696,2696,2,3.0,958.0,2010
1481,8,1671.0,1687,2250,2,3.0,756.0,2010
1482,8,1370.0,1370,1370,2,2.0,484.0,2010
1483,6,1324.0,1324,1324,2,2.0,430.0,2010
1484,7,1145.0,1145,1145,2,2.0,437.0,2010
1485,7,384.0,744,1374,2,2.0,400.0,2010
1486,7,847.0,847,1733,2,2.0,433.0,2010
1487,8,1629.0,1645,2475,2,3.0,962.0,2010
1488,8,1595.0,1595,1595,2,3.0,880.0,2010
1489,7,1218.0,1218,1218,2,2.0,676.0,2010
1490,6,1468.0,1468,1468,2,2.0,528.0,2010
1491,7,831.0,831,1659,2,2.0,484.0,2010
1492,5,816.0,1012,1012,1,1.0,429.0,2010
1493,6,1208.0,1494,1494,2,2.0,461.0,2010
1494,8,1231.0,1251,2349,2,3.0,762.0,2010
1495,8,1390.0,1402,2225,2,3.0,713.0,2010
1496,7,1488.0,1488,1488,2,2.0,506.0,2010
1497,7,840.0,840,1680,2,2.0,588.0,2010
1498,7,600.0,600,1200,2,2.0,480.0,2010
1499,7,600.0,600,1200,2,2.0,480.0,2010
1500,6,600.0,600,1236,2,2.0,480.0,2010
1501,6,756.0,756,1512,2,2.0,440.0,2010
1502,7,530.0,530,1080,2,2.0,496.0,2010
1503,8,1642.0,1418,1418,1,3.0,852.0,2010
1504,8,975.0,975,1848,2,2.0,592.0,2010
1505,7,1492.0,1492,1492,2,2.0,596.0,2010
1506,6,1829.0,1829,1829,2,2.0,535.0,2010
1507,6,1280.0,1280,2495,2,2.0,660.0,2010
1508,6,1224.0,1287,1891,3,2.0,678.0,2010
1509,6,715.0,930,1645,1,2.0,441.0,2010
1510,5,1232.0,1232,1232,1,2.0,490.0,2010
1511,5,1209.0,1209,1209,1,2.0,504.0,2010
1512,5,1510.0,1510,1510,2,2.0,517.0,2010
1513,6,533.0,1131,1775,2,2.0,480.0,2010
1514,5,1728.0,1728,1728,2,0.0,0.0,2010
1515,5,1140.0,1929,2461,2,2.0,400.0,2010
1516,6,782.0,1019,1556,2,2.0,470.0,2010
1517,6,1080.0,1128,1128,1,1.0,315.0,2010
1518,5,1604.0,1604,1604,2,2.0,576.0,2010
1519,7,1480.0,1480,1480,2,2.0,620.0,2010
1520,5,1143.0,1143,1143,1,1.0,308.0,2010
1521,5,1206.0,1206,1206,1,1.0,312.0,2010
1522,6,1244.0,1580,1580,1,2.0,440.0,2010
1523,4,832.0,832,1337,1,1.0,263.0,2010
1524,5,864.0,1064,1064,1,1.0,318.0,2010
1525,5,972.0,972,972,1,1.0,305.0,2010
1526,5,988.0,988,988,1,1.0,264.0,2010
1527,4,576.0,985,985,1,2.0,676.0,2010
1528,6,816.0,816,1224,1,1.0,280.0,2010
1529,5,1175.0,1175,1175,1,2.0,484.0,2010
1530,6,1395.0,1395,1395,1,2.0,440.0,2010
1531,4,709.0,1157,1844,1,1.0,240.0,2010
1532,5,936.0,936,936,1,0.0,0.0,2010
1533,5,1347.0,1347,1347,1,2.0,551.0,2010
1534,6,827.0,827,1251,1,1.0,240.0,2010
1535,5,1027.0,1027,1633,1,1.0,240.0,2010
1536,5,1008.0,1060,1245,1,1.0,315.0,2010
1537,2,678.0,832,832,1,2.0,780.0,2010
1538,8,930.0,930,1566,2,1.0,288.0,2010
1539,8,346.0,1157,2268,3,2.0,624.0,2010
1540,5,840.0,1128,2256,2,0.0,0.0,2010
1541,6,738.0,868,1470,1,2.0,624.0,2010
1542,5,988.0,1030,1612,1,1.0,363.0,2010
1543,7,1108.0,1160,2068,1,1.0,315.0,2010
1544,4,765.0,765,765,1,1.0,200.0,2010
1545,6,608.0,608,1132,1,1.0,240.0,2010
1546,6,572.0,848,1196,1,2.0,576.0,2010
1547,5,835.0,955,1453,1,1.0,240.0,2010
1548,6,780.0,780,1416,1,1.0,312.0,2010
1549,5,528.0,548,1040,1,2.0,624.0,2010
1550,5,928.0,928,1536,2,2.0,480.0,2010
1551,6,1124.0,1068,1068,1,1.0,288.0,2010
1552,4,888.0,888,1962,1,2.0,572.0,2010
1553,6,780.0,780,1560,1,0.0,0.0,2010
1554,6,662.0,662,1324,1,1.0,180.0,2010
1555,5,1422.0,1675,1675,2,1.0,365.0,2010
1556,5,689.0,725,1224,1,1.0,180.0,2010
1557,5,1212.0,1212,1392,1,0.0,0.0,2010
1558,6,600.0,600,919,1,1.0,231.0,2010
1559,4,707.0,942,1884,1,0.0,0.0,2010
1560,5,856.0,936,1680,2,2.0,450.0,2010
1561,4,1832.0,1832,1832,2,0.0,0.0,2010
1562,5,864.0,892,892,1,1.0,416.0,2010
1563,5,864.0,864,864,1,1.0,280.0,2010
1564,5,1319.0,1373,1373,1,2.0,591.0,2010
1565,5,720.0,720,1440,1,2.0,480.0,2010
1566,7,1420.0,1483,1483,1,2.0,690.0,2010
1567,4,660.0,756,756,1,2.0,440.0,2010
1568,6,1117.0,1117,1981,2,2.0,522.0,2010
1569,3,972.0,1052,1610,2,1.0,480.0,2010
1570,6,663.0,1074,1074,1,1.0,467.0,2010
1571,4,756.0,1169,1531,1,1.0,209.0,2010
1572,5,1172.0,1172,1172,1,1.0,366.0,2010
1573,7,1508.0,1508,1508,1,2.0,572.0,2010
1574,5,1250.0,1298,1298,2,2.0,504.0,2010
1575,7,1433.0,1433,1433,1,2.0,528.0,2010
1576,6,946.0,964,1802,2,4.0,1017.0,2010
1577,7,1222.0,1222,1222,2,2.0,615.0,2010
1578,6,676.0,831,1445,2,2.0,484.0,2010
1579,5,870.0,965,965,1,2.0,580.0,2010
1580,7,878.0,892,1692,2,2.0,513.0,2010
1581,5,1026.0,1026,1026,1,1.0,308.0,2010
1582,5,876.0,876,876,1,2.0,484.0,2010
1583,8,1978.0,1978,1978,2,3.0,850.0,2010
1584,7,1040.0,1044,2098,2,2.0,621.0,2010
1585,6,848.0,848,848,1,2.0,420.0,2010
1586,3,0.0,640,640,1,1.0,240.0,2010
1587,5,381.0,992,992,1,1.0,319.0,2010
1588,5,1196.0,1196,1196,1,1.0,336.0,2010
1589,4,744.0,792,1120,1,2.0,480.0,2010
1590,6,1008.0,1096,1096,1,1.0,352.0,2010
1591,4,960.0,960,960,1,0.0,0.0,2010
1592,5,1107.0,1296,1296,2,1.0,260.0,2010
1593,6,856.0,856,856,1,2.0,399.0,2010
1594,4,0.0,862,2650,3,0.0,0.0,2010
1595,5,894.0,894,1666,1,0.0,0.0,2010
1596,7,1528.0,1225,2133,1,1.0,312.0,2010
1597,5,1032.0,1102,2177,2,2.0,484.0,2010
1598,7,423.0,896,1652,2,2.0,473.0,2010
1599,8,982.0,1034,1034,1,2.0,598.0,2010
1600,8,1191.0,1191,1191,2,2.0,531.0,2010
1601,2,480.0,540,540,1,1.0,200.0,2010
1602,6,629.0,727,1107,1,1.0,625.0,2010
1603,4,756.0,952,952,1,1.0,330.0,2010
1604,8,1594.0,1646,1646,2,2.0,525.0,2010
1605,8,1049.0,1036,1916,2,3.0,741.0,2010
1606,6,1243.0,1285,1285,2,2.0,473.0,2010
1607,6,1958.0,2048,2048,3,2.0,776.0,2010
1608,7,1336.0,1346,1346,2,3.0,660.0,2010
1609,7,1214.0,1214,1214,2,2.0,520.0,2010
1610,5,384.0,744,1444,2,2.0,400.0,2010
1611,5,1068.0,1264,1264,1,2.0,528.0,2010
1612,5,1430.0,1430,1430,2,2.0,624.0,2010
1613,5,1344.0,1344,1344,2,2.0,686.0,2010
1614,5,945.0,945,945,1,1.0,253.0,2010
1615,4,546.0,546,1092,1,0.0,0.0,2010
1616,4,546.0,546,1092,1,0.0,0.0,2010
1617,4,546.0,546,1092,1,1.0,286.0,2010
1618,5,864.0,874,874,1,1.0,352.0,2010
1619,5,833.0,833,833,1,2.0,495.0,2010
1620,5,1216.0,1216,2432,4,2.0,616.0,2010
1621,5,624.0,624,1274,1,2.0,576.0,2010
1622,5,864.0,864,1479,2,1.0,275.0,2010
1623,8,1679.0,1803,1803,2,2.0,482.0,2010
1624,6,1152.0,1152,1797,2,2.0,616.0,2010
1625,6,882.0,882,882,1,1.0,502.0,2009
1626,6,1434.0,1434,1434,2,2.0,528.0,2009
1627,6,945.0,945,1608,2,2.0,470.0,2009
1628,8,1008.0,1008,2283,2,3.0,632.0,2009
1629,7,384.0,958,1628,2,2.0,390.0,2009
1630,8,2208.0,2522,2522,2,2.0,564.0,2009
1631,8,1418.0,1478,1478,2,2.0,495.0,2009
1632,8,1587.0,1734,1734,2,2.0,528.0,2009
1633,7,384.0,751,1382,2,2.0,396.0,2009
1634,6,952.0,952,1636,2,2.0,440.0,2009
1635,6,707.0,707,1516,2,2.0,409.0,2009
1636,6,1181.0,1190,1190,2,2.0,430.0,2009
1637,5,1122.0,946,1934,2,2.0,567.0,2009
1638,7,832.0,1154,2050,2,2.0,529.0,2009
1639,6,1427.0,1671,1671,2,2.0,484.0,2009
1640,7,1043.0,1539,2673,2,2.0,441.0,2009
1641,6,1140.0,1707,1707,2,2.0,479.0,2009
1642,7,926.0,1016,1884,2,2.0,581.0,2009
1643,8,1058.0,1058,1874,2,2.0,588.0,2009
1644,8,972.0,972,1811,2,2.0,565.0,2009
1645,5,1621.0,1621,1621,2,2.0,478.0,2009
1646,6,1116.0,1116,1116,2,2.0,528.0,2009
1647,7,1176.0,1193,1193,2,2.0,506.0,2009
1648,5,1180.0,1180,1180,1,2.0,477.0,2009
1649,5,1043.0,1050,1050,1,1.0,336.0,2009
1650,4,864.0,864,864,1,2.0,576.0,2009
1651,4,864.0,864,864,1,2.0,576.0,2009
1652,6,483.0,483,987,1,1.0,264.0,2009
1653,6,483.0,483,987,1,1.0,288.0,2009
1654,6,804.0,804,1548,2,2.0,440.0,2009
1655,7,1057.0,1055,1055,2,2.0,440.0,2009
1656,6,855.0,855,1456,2,2.0,440.0,2009
1657,6,804.0,804,1548,2,2.0,440.0,2009
1658,6,855.0,855,1456,2,2.0,440.0,2009
1659,7,836.0,836,836,1,1.0,345.0,2009
1660,5,864.0,1120,1120,1,2.0,656.0,2009
1661,9,1776.0,1794,2772,3,3.0,754.0,2009
1662,9,1365.0,1365,2690,2,3.0,864.0,2009
1663,9,2020.0,2020,2020,2,3.0,896.0,2009
1664,10,2630.0,2674,2674,2,3.0,762.0,2009
1665,9,1736.0,1736,1736,2,3.0,834.0,2009
1666,8,1782.0,1782,1782,2,3.0,932.0,2009
1667,8,1508.0,1508,2520,2,3.0,640.0,2009
1668,9,1739.0,1743,1743,2,3.0,927.0,2009
1669,9,1504.0,1531,1531,2,3.0,700.0,2009
1670,9,1774.0,1808,1808,2,3.0,850.0,2009
1671,7,1760.0,1760,1760,2,2.0,583.0,2009
1672,9,2452.0,2452,2452,2,3.0,886.0,2009
1673,8,1082.0,1105,2400,3,3.0,730.0,2009
1674,8,1598.0,1606,1606,2,3.0,871.0,2009
1675,6,1358.0,1358,1358,2,2.0,484.0,2009
1676,6,1306.0,1306,1306,2,2.0,624.0,2009
1677,7,1350.0,1358,1358,2,2.0,484.0,2009
1678,10,2492.0,2492,2492,2,3.0,949.0,2009
1679,8,2200.0,2200,2200,2,3.0,685.0,2009
1680,9,1884.0,1884,1884,2,2.0,649.0,2009
1681,9,1451.0,1456,1456,2,2.0,539.0,2009
1682,8,1712.0,1712,1712,2,3.0,701.0,2009
1683,7,1405.0,1405,1405,2,2.0,478.0,2009
1684,7,728.0,728,1456,2,2.0,390.0,2009
1685,6,745.0,745,1490,2,2.0,392.0,2009
1686,7,1220.0,1220,1220,2,2.0,397.0,2009
1687,7,384.0,744,1374,2,2.0,400.0,2009
1688,7,868.0,868,1630,2,2.0,436.0,2009
1689,7,846.0,846,1594,2,2.0,434.0,2009
1690,7,782.0,806,1489,2,2.0,400.0,2009
1691,7,698.0,698,1342,2,2.0,393.0,2009
1692,8,870.0,878,2004,2,3.0,644.0,2009
1693,7,384.0,744,1374,2,2.0,400.0,2009
1694,6,794.0,819,1514,2,2.0,394.0,2009
1695,7,384.0,774,1430,2,2.0,400.0,2009
1696,7,1177.0,1223,2312,2,3.0,658.0,2009
1697,7,384.0,774,1430,2,2.0,410.0,2009
1698,8,1455.0,1466,2687,2,3.0,810.0,2009
1699,8,2024.0,2063,2063,2,3.0,815.0,2009
1700,7,1070.0,1094,2061,2,2.0,647.0,2009
1701,8,1173.0,1215,2232,2,2.0,623.0,2009
1702,8,1696.0,1696,1696,2,3.0,972.0,2009
1703,8,1614.0,1658,1658,2,3.0,726.0,2009
1704,8,1702.0,1702,1702,2,3.0,844.0,2009
1705,8,1422.0,1432,1432,2,2.0,492.0,2009
1706,9,2458.0,2490,2490,2,3.0,795.0,2009
1707,7,1436.0,1436,1436,2,2.0,529.0,2009
1708,7,1402.0,1402,1402,2,2.0,625.0,2009
1709,9,1530.0,1530,1530,2,3.0,984.0,2009
1710,8,1372.0,1448,1448,2,2.0,692.0,2009
1711,8,900.0,909,1795,2,3.0,782.0,2009
1712,8,1836.0,1836,1836,2,2.0,517.0,2009
1713,7,1652.0,1662,1662,2,3.0,711.0,2009
1714,7,1553.0,1553,1553,2,2.0,588.0,2009
1715,7,812.0,812,1653,2,2.0,628.0,2009
1716,7,1218.0,1218,1218,1,2.0,576.0,2009
1717,7,1141.0,1141,1141,1,2.0,484.0,2009
1718,6,1158.0,1158,1158,1,0.0,0.0,2009
1719,7,835.0,871,1812,2,2.0,478.0,2009
1720,8,1512.0,1512,1512,2,3.0,845.0,2009
1721,7,1114.0,1114,1114,1,2.0,576.0,2009
1722,5,1114.0,1114,1114,1,0.0,0.0,2009
1723,5,1114.0,1114,1114,2,2.0,576.0,2009
1724,7,1450.0,1450,1450,2,3.0,788.0,2009
1725,7,913.0,913,2122,2,2.0,559.0,2009
1726,6,816.0,833,1730,2,2.0,528.0,2009
1727,6,1332.0,1332,1332,2,2.0,542.0,2009
1728,7,754.0,754,1540,2,2.0,495.0,2009
1729,6,676.0,698,1400,2,2.0,465.0,2009
1730,6,0.0,964,1882,2,2.0,612.0,2009
1731,5,980.0,980,980,1,2.0,400.0,2009
1732,5,864.0,864,864,1,2.0,732.0,2009
1733,5,864.0,864,864,1,1.0,440.0,2009
1734,5,1024.0,1020,1020,2,1.0,288.0,2009
1735,5,912.0,912,912,1,1.0,300.0,2009
1736,5,912.0,912,912,1,1.0,252.0,2009
1737,8,2014.0,2014,2014,2,3.0,864.0,2009
1738,7,975.0,975,1755,2,2.0,524.0,2009
1739,7,1376.0,1376,3005,2,3.0,704.0,2009
1740,6,1726.0,1726,1726,2,2.0,561.0,2009
1741,6,1145.0,1256,1256,1,2.0,641.0,2009
1742,6,756.0,756,1512,2,2.0,440.0,2009
1743,7,691.0,713,1452,2,2.0,506.0,2009
1744,8,1694.0,1694,1694,2,2.0,642.0,2009
1745,7,1740.0,1740,1740,1,2.0,540.0,2009
1746,8,392.0,1487,2499,2,2.0,527.0,2009
1747,7,752.0,1285,2067,2,2.0,784.0,2009
1748,6,932.0,1271,2640,2,2.0,515.0,2009
1749,5,1288.0,1336,1336,2,2.0,502.0,2009
1750,6,1216.0,1216,1216,1,1.0,336.0,2009
1751,7,908.0,1316,2288,1,2.0,520.0,2009
1752,5,864.0,864,864,1,1.0,312.0,2009
1753,5,1568.0,1568,1568,1,2.0,440.0,2009
1754,7,1165.0,1165,2061,2,2.0,498.0,2009
1755,6,1232.0,1320,1320,2,2.0,495.0,2009
1756,4,894.0,894,894,1,2.0,396.0,2009
1757,5,864.0,864,864,1,1.0,308.0,2009
1758,4,1040.0,1362,1362,1,3.0,768.0,2009
1759,5,1048.0,1728,1728,2,2.0,576.0,2009
1760,5,1313.0,1313,1313,1,2.0,610.0,2009
1761,5,1292.0,1292,1292,1,2.0,520.0,2009
1762,5,744.0,825,2140,2,2.0,549.0,2009
1763,6,1208.0,1576,1576,1,2.0,368.0,2009
1764,5,960.0,960,960,1,1.0,330.0,2009
1765,6,1680.0,1691,1691,1,2.0,550.0,2009
1766,6,1453.0,1453,1453,2,2.0,530.0,2009
1767,6,1562.0,1567,1567,2,2.0,542.0,2009
1768,5,1169.0,1144,1144,1,1.0,286.0,2009
1769,7,1329.0,1329,1329,1,2.0,441.0,2009
1770,6,988.0,988,988,2,1.0,297.0,2009
1771,5,1202.0,1202,1202,1,1.0,304.0,2009
1772,5,1382.0,1382,1382,1,1.0,350.0,2009
1773,4,1200.0,1200,1200,1,1.0,294.0,2009
1774,5,1866.0,1866,1866,2,2.0,495.0,2009
1775,6,1062.0,1062,1062,1,1.0,297.0,2009
1776,5,631.0,1112,1112,1,2.0,480.0,2009
1777,5,793.0,793,793,1,1.0,240.0,2009
1778,5,1031.0,1031,1031,1,1.0,230.0,2009
1779,5,0.0,1210,1210,1,1.0,616.0,2009
1780,7,699.0,801,1527,1,2.0,410.0,2009
1781,5,1200.0,1200,1200,1,1.0,246.0,2009
1782,3,792.0,792,792,1,1.0,366.0,2009
1783,5,676.0,676,1352,2,2.0,720.0,2009
1784,4,405.0,717,1039,1,1.0,281.0,2009
1785,5,1054.0,1078,1078,1,1.0,264.0,2009
1786,4,1313.0,1313,2377,2,2.0,528.0,2009
1787,7,560.0,930,1690,2,2.0,624.0,2009
1788,2,416.0,599,599,1,0.0,0.0,2009
1789,5,720.0,846,846,1,2.0,576.0,2009
1790,3,630.0,725,725,1,1.0,320.0,2009
1791,6,1248.0,1248,2544,2,3.0,907.0,2009
1792,6,1380.0,1380,1380,1,1.0,364.0,2009
1793,6,1040.0,1040,1040,1,2.0,480.0,2009
1794,6,951.0,951,951,1,2.0,480.0,2009
1795,6,1105.0,1105,1105,1,1.0,308.0,2009
1796,6,160.0,1142,1142,1,1.0,384.0,2009
1797,6,795.0,765,1133,1,2.0,900.0,2009
1798,5,1041.0,1041,1041,1,1.0,294.0,2009
1799,5,732.0,732,732,1,1.0,240.0,2009
1800,5,528.0,1183,1183,1,1.0,288.0,2009
1801,4,832.0,832,1461,2,1.0,384.0,2009
1802,6,864.0,1064,1495,1,2.0,576.0,2009
1803,6,780.0,993,1806,1,2.0,483.0,2009
1804,5,941.0,941,941,1,2.0,564.0,2009
1805,6,1045.0,1045,1045,1,1.0,264.0,2009
1806,6,901.0,861,1378,1,1.0,162.0,2009
1807,6,972.0,972,1944,2,2.0,324.0,2009
1808,5,240.0,810,1306,1,2.0,472.0,2009
1809,5,504.0,764,1464,2,0.0,0.0,2009
1810,5,690.0,868,1558,1,2.0,400.0,2009
1811,4,600.0,1101,1701,2,0.0,0.0,2009
1812,5,801.0,801,1447,1,0.0,0.0,2009
1813,5,768.0,768,1328,1,1.0,308.0,2009
1814,4,861.0,861,861,1,2.0,288.0,2009
1815,2,0.0,612,612,1,1.0,308.0,2009
1816,5,624.0,792,792,1,1.0,287.0,2009
1817,4,677.0,833,1510,2,2.0,720.0,2009
1818,6,917.0,1090,2007,2,1.0,357.0,2009
1819,6,624.0,664,1288,1,1.0,280.0,2009
1820,4,624.0,816,816,1,0.0,0.0,2009
1821,6,972.0,1044,1480,1,1.0,207.0,2009
1822,6,741.0,780,1521,1,3.0,640.0,2009
1823,3,245.0,797,797,1,0.0,0.0,2009
1824,6,1022.0,1432,1432,1,1.0,216.0,2009
1825,5,297.0,1001,1654,2,1.0,336.0,2009
1826,5,468.0,822,1142,1,1.0,320.0,2009
1827,5,960.0,995,995,1,1.0,264.0,2009
1828,5,952.0,994,1582,2,1.0,250.0,2009
1829,5,1072.0,1072,1072,1,5.0,1184.0,2009
1830,6,1048.0,1048,1768,2,2.0,576.0,2009
1831,7,672.0,1272,1944,2,1.0,216.0,2009
1832,5,1040.0,1088,2128,2,0.0,0.0,2009
1833,6,720.0,1146,1930,2,1.0,316.0,2009
1834,6,483.0,741,1427,1,1.0,379.0,2009
1835,7,1020.0,978,1864,2,0.0,0.0,2009
1836,6,1204.0,1204,1666,1,1.0,384.0,2009
1837,4,858.0,892,892,1,0.0,0.0,2009
1838,6,698.0,754,1403,1,1.0,308.0,2009
1839,4,560.0,704,704,1,1.0,220.0,2009
1840,5,1200.0,1200,1200,3,0.0,0.0,2009
1841,5,1152.0,1152,1152,2,1.0,252.0,2009
1842,5,585.0,687,1112,2,1.0,226.0,2009
1843,5,1052.0,1052,1052,1,1.0,668.0,2009
1844,6,456.0,1034,1034,1,2.0,504.0,2009
1845,5,552.0,904,1774,2,1.0,384.0,2009
1846,6,1138.0,1138,1138,1,2.0,480.0,2009
1847,5,825.0,2071,2071,1,1.0,336.0,2009
1848,2,0.0,660,660,1,0.0,0.0,2009
1849,4,0.0,1383,1383,1,2.0,498.0,2009
1850,5,1073.0,1073,1073,1,1.0,340.0,2009
1851,6,747.0,892,1639,1,1.0,240.0,2009
1852,5,1089.0,1089,1089,1,1.0,252.0,2009
1853,5,1049.0,1049,1049,2,1.0,266.0,2009
1854,7,1054.0,1061,1061,1,2.0,462.0,2009
1855,6,520.0,1338,1338,1,2.0,576.0,2009
1856,7,1079.0,1079,1879,2,2.0,473.0,2009
1857,5,0.0,1288,2016,1,2.0,576.0,2009
1858,5,0.0,1114,2228,2,2.0,720.0,2009
1859,5,0.0,1535,1535,2,2.0,400.0,2009
1860,5,1094.0,1229,1229,0,2.0,672.0,2009
1861,5,0.0,1513,1513,2,2.0,400.0,2009
1862,7,1168.0,1168,2787,4,4.0,820.0,2009
1863,7,1168.0,1168,2787,4,4.0,820.0,2009
1864,7,1168.0,1168,2787,4,4.0,820.0,2009
1865,9,1555.0,1680,1680,1,3.0,1138.0,2009
1866,9,1720.0,1720,1720,2,3.0,846.0,2009
1867,8,1468.0,1468,1468,2,3.0,904.0,2009
1868,8,1838.0,1838,1838,2,2.0,524.0,2009
1869,7,1282.0,1290,1290,2,2.0,662.0,2009
1870,8,1254.0,1254,1254,2,3.0,810.0,2009
1871,8,1498.0,1498,1498,2,3.0,844.0,2009
1872,6,704.0,704,1422,2,2.0,440.0,2009
1873,7,1449.0,944,1759,2,2.0,525.0,2009
1874,5,990.0,990,990,1,1.0,440.0,2009
1875,7,1463.0,1463,1463,2,2.0,539.0,2009
1876,6,928.0,928,1772,2,2.0,492.0,2009
1877,7,1431.0,1444,1444,2,2.0,577.0,2009
1878,7,1492.0,1492,1492,2,2.0,608.0,2009
1879,5,907.0,907,907,1,1.0,343.0,2009
1880,5,914.0,914,914,1,2.0,444.0,2009
1881,7,1569.0,1611,1611,2,3.0,1231.0,2009
1882,8,1068.0,1068,2184,2,2.0,570.0,2009
1883,7,840.0,840,1725,2,2.0,550.0,2009
1884,7,944.0,944,1870,2,2.0,608.0,2009
1885,8,1462.0,1513,1513,2,2.0,521.0,2009
1886,8,1822.0,1828,1828,2,2.0,523.0,2009
1887,7,1417.0,1417,1417,2,2.0,511.0,2009
1888,8,1578.0,1602,1602,2,3.0,810.0,2009
1889,6,608.0,608,1396,2,2.0,440.0,2009
1890,4,1014.0,1149,1149,1,1.0,544.0,2009
1891,6,547.0,1072,1072,1,2.0,525.0,2009
1892,4,876.0,876,876,1,1.0,320.0,2009
1893,5,1078.0,1368,1368,1,1.0,195.0,2009
1894,5,1678.0,1678,1678,2,0.0,0.0,2009
1895,5,1150.0,1560,1560,1,1.0,313.0,2009
1896,5,720.0,854,1298,1,1.0,256.0,2009
1897,5,832.0,832,1268,1,1.0,250.0,2009
1898,6,583.0,647,1242,1,1.0,180.0,2009
1899,6,816.0,1232,1232,1,2.0,440.0,2009
1900,7,600.0,628,1228,1,1.0,215.0,2009
1901,5,840.0,840,1567,1,2.0,440.0,2009
1902,5,1273.0,1273,1273,1,1.0,307.0,2009
1903,7,920.0,1240,2480,2,2.0,400.0,2009
1904,5,1112.0,1112,1112,1,1.0,390.0,2009
1905,6,1561.0,1561,1561,2,2.0,463.0,2009
1906,5,1067.0,986,1523,2,1.0,295.0,2009
1907,6,1310.0,1906,1906,1,2.0,576.0,2009
1908,6,516.0,516,1032,1,2.0,452.0,2009
1909,6,561.0,561,1229,1,2.0,462.0,2009
1910,6,561.0,561,1229,1,2.0,462.0,2009
1911,6,572.0,1182,1982,2,2.0,501.0,2009
1912,7,1803.0,2365,2365,2,2.0,551.0,2009
1913,5,760.0,928,2168,2,2.0,576.0,2009
1914,4,572.0,572,572,1,1.0,200.0,2009
1915,8,1596.0,1648,1648,2,2.0,482.0,2009
1916,2,0.0,810,810,1,1.0,280.0,2009
1917,8,1107.0,1040,2052,2,3.0,642.0,2009
1918,6,902.0,926,926,1,1.0,351.0,2009
1919,6,957.0,1287,1287,1,2.0,541.0,2009
1920,5,1582.0,1595,1595,2,2.0,672.0,2009
1921,9,2190.0,2036,2036,2,3.0,780.0,2009
1922,9,1641.0,1641,1641,2,3.0,885.0,2009
1923,6,712.0,1375,2237,2,2.0,440.0,2009
1924,7,1645.0,1479,1479,2,2.0,578.0,2009
1925,7,912.0,1072,2014,2,2.0,486.0,2009
1926,9,1978.0,1978,1978,2,3.0,920.0,2009
1927,5,1008.0,1008,1008,1,1.0,384.0,2009
1928,5,1188.0,1404,1404,2,2.0,504.0,2009
1929,5,796.0,796,796,1,1.0,336.0,2009
1930,6,384.0,1091,1091,1,1.0,429.0,2009
1931,5,828.0,883,883,1,2.0,698.0,2009
1932,5,624.0,624,1287,1,2.0,440.0,2009
1933,5,784.0,784,1632,1,2.0,898.0,2009
1934,6,926.0,926,1604,2,2.0,470.0,2008
1935,6,680.0,680,1470,2,2.0,420.0,2008
1936,6,926.0,926,1604,2,2.0,472.0,2008
1937,6,916.0,916,1636,2,2.0,386.0,2008
1938,5,1348.0,1384,1384,2,2.0,404.0,2008
1939,8,1664.0,1682,1682,1,2.0,528.0,2008
1940,8,1280.0,1280,1280,2,2.0,506.0,2008
1941,6,932.0,932,1633,2,2.0,460.0,2008
1942,6,836.0,851,1709,2,2.0,416.0,2008
1943,8,1337.0,1337,1337,2,2.0,462.0,2008
1944,8,1168.0,1168,2500,3,3.0,683.0,2008
1945,9,1884.0,1884,1884,2,3.0,670.0,2008
1946,6,1632.0,1474,1474,1,2.0,495.0,2008
1947,9,1710.0,1710,1710,2,2.0,557.0,2008
1948,6,1488.0,1488,1488,2,2.0,738.0,2008
1949,7,1675.0,1688,1688,2,2.0,528.0,2008
1950,7,1260.0,1260,1260,2,2.0,598.0,2008
1951,7,2048.0,2064,2064,2,2.0,550.0,2008
1952,7,1782.0,1782,1782,2,2.0,551.0,2008
1953,6,1211.0,1211,1211,2,2.0,461.0,2008
1954,7,738.0,1277,2044,2,2.0,489.0,2008
1955,5,720.0,720,1308,1,2.0,484.0,2008
1956,7,1420.0,1420,2840,2,4.0,1314.0,2008
1957,6,1444.0,1444,1444,2,2.0,473.0,2008
1958,8,1236.0,1236,2340,2,3.0,787.0,2008
1959,5,896.0,896,1792,2,2.0,480.0,2008
1960,4,936.0,936,936,1,1.0,288.0,2008
1961,5,864.0,864,864,1,2.0,576.0,2008
1962,6,483.0,483,987,1,1.0,264.0,2008
1963,6,483.0,483,987,1,1.0,352.0,2008
1964,5,630.0,630,1302,2,1.0,264.0,2008
1965,6,855.0,855,1456,2,2.0,460.0,2008
1966,7,1055.0,1055,1055,2,2.0,440.0,2008
1967,8,1582.0,1582,1582,2,3.0,905.0,2008
1968,8,2418.0,2464,2464,2,3.0,650.0,2008
1969,9,1950.0,1950,1950,2,3.0,706.0,2008
1970,9,1850.0,1850,2748,2,3.0,850.0,2008
1971,10,1620.0,1632,2790,2,4.0,1150.0,2008
1972,9,1414.0,1414,2331,2,3.0,1003.0,2008
1973,8,948.0,948,2088,2,3.0,656.0,2008
1974,8,1148.0,1170,2332,2,3.0,756.0,2008
1975,10,2535.0,2470,2470,1,3.0,789.0,2008
1976,8,1603.0,1575,1575,2,3.0,732.0,2008
1977,8,1479.0,1515,2649,2,3.0,746.0,2008
1978,8,1765.0,1804,2690,2,3.0,795.0,2008
1979,9,1858.0,1866,1866,2,3.0,870.0,2008
1980,7,1367.0,1367,1367,2,2.0,484.0,2008
1981,9,1800.0,1800,1800,2,3.0,944.0,2008
1982,8,1342.0,1342,1342,2,2.0,550.0,2008
1983,8,1342.0,1342,1342,2,2.0,550.0,2008
1984,7,764.0,764,1626,2,2.0,474.0,2008
1985,7,1415.0,1455,1455,2,3.0,644.0,2008
1986,7,1393.0,1576,1576,2,3.0,668.0,2008
1987,7,1146.0,1246,1246,2,2.0,428.0,2008
1988,6,789.0,813,1515,2,2.0,393.0,2008
1989,7,840.0,840,1720,2,2.0,400.0,2008
1990,7,847.0,847,1986,2,2.0,434.0,2008
1991,7,1350.0,1358,1358,2,2.0,484.0,2008
1992,7,982.0,1008,1892,2,2.0,431.0,2008
1993,7,707.0,707,1414,2,2.0,403.0,2008
1994,7,1037.0,1037,2322,2,2.0,400.0,2008
1995,7,831.0,873,1651,2,2.0,450.0,2008
1996,8,1173.0,1182,2199,2,2.0,516.0,2008
1997,9,1519.0,1533,2172,2,3.0,687.0,2008
1998,8,1982.0,2006,2006,2,3.0,938.0,2008
1999,7,1064.0,1064,2125,2,2.0,576.0,2008
2000,8,1242.0,1251,2501,2,3.0,751.0,2008
2001,7,1080.0,1108,2197,2,3.0,783.0,2008
2002,7,1578.0,1578,1578,2,3.0,642.0,2008
2003,8,1341.0,1341,1861,3,3.0,851.0,2008
2004,8,955.0,955,1874,2,3.0,880.0,2008
2005,8,1460.0,1460,1460,2,2.0,480.0,2008
2006,8,1363.0,1372,1372,2,2.0,588.0,2008
2007,8,1660.0,1660,1660,2,3.0,660.0,2008
2008,7,1218.0,1218,1218,2,2.0,462.0,2008
2009,6,835.0,835,1696,2,2.0,542.0,2008
2010,7,835.0,835,1663,2,2.0,478.0,2008
2011,6,1175.0,1175,1175,1,0.0,0.0,2008
2012,7,1162.0,1162,1162,2,2.0,483.0,2008
2013,6,754.0,754,1609,2,2.0,525.0,2008
2014,6,886.0,886,1680,2,2.0,474.0,2008
2015,7,832.0,832,1657,2,2.0,483.0,2008
2016,6,827.0,827,1677,2,2.0,627.0,2008
2017,7,836.0,844,1737,2,2.0,506.0,2008
2018,5,984.0,984,984,1,1.0,384.0,2008
2019,5,864.0,864,864,1,1.0,420.0,2008
2020,5,890.0,890,890,1,1.0,308.0,2008
2021,5,864.0,864,864,1,1.0,276.0,2008
2022,6,1430.0,1430,1430,2,2.0,484.0,2008
2023,5,1001.0,1001,1641,2,2.0,490.0,2008
2024,6,930.0,1364,2683,2,2.0,473.0,2008
2025,9,1848.0,1827,2786,2,2.0,636.0,2008
2026,7,1235.0,1245,1245,2,2.0,495.0,2008
2027,6,600.0,600,1200,2,2.0,480.0,2008
2028,7,689.0,703,1392,2,2.0,540.0,2008
2029,6,744.0,757,1549,2,2.0,440.0,2008
2030,9,1614.0,1638,1638,2,2.0,495.0,2008
2031,9,1310.0,1310,1310,1,2.0,545.0,2008
2032,9,1419.0,1419,1419,1,2.0,588.0,2008
2033,9,1557.0,1557,1557,2,2.0,484.0,2008
2034,7,672.0,684,1404,2,2.0,462.0,2008
2035,7,858.0,872,1789,2,2.0,546.0,2008
2036,8,960.0,962,1586,2,2.0,480.0,2008
2037,8,960.0,962,1607,2,2.0,480.0,2008
2038,10,970.0,1469,2393,2,2.0,846.0,2008
2039,8,1230.0,1239,1239,1,2.0,477.0,2008
2040,9,994.0,1599,2944,2,3.0,864.0,2008
2041,8,1426.0,1671,1671,3,2.0,550.0,2008
2042,7,952.0,952,1812,2,2.0,469.0,2008
2043,6,1427.0,1427,1427,2,2.0,516.0,2008
2044,6,1740.0,1740,1740,1,2.0,512.0,2008
2045,7,1620.0,1620,1620,2,2.0,578.0,2008
2046,5,1625.0,1625,1625,2,2.0,484.0,2008
2047,5,732.0,732,1464,1,2.0,470.0,2008
2048,5,912.0,925,925,1,2.0,576.0,2008
2049,5,1728.0,1728,1728,2,2.0,576.0,2008
2050,7,825.0,845,1670,1,2.0,464.0,2008
2051,5,0.0,1014,1014,1,1.0,267.0,2008
2052,5,1114.0,1114,1114,1,2.0,451.0,2008
2053,5,1118.0,1118,1118,1,1.0,264.0,2008
2054,4,348.0,453,906,1,1.0,231.0,2008
2055,5,1296.0,1496,1496,2,2.0,450.0,2008
2056,5,572.0,1337,1337,1,1.0,264.0,2008
2057,5,1036.0,1036,1036,1,1.0,312.0,2008
2058,6,1104.0,1104,1988,2,2.0,480.0,2008
2059,5,1176.0,1176,1176,1,1.0,292.0,2008
2060,5,1248.0,1440,1440,2,1.0,480.0,2008
2061,6,1395.0,1570,1570,1,2.0,441.0,2008
2062,5,1104.0,1104,1104,1,1.0,384.0,2008
2063,5,720.0,882,882,1,1.0,240.0,2008
2064,5,1152.0,1152,1152,1,2.0,636.0,2008
2065,5,984.0,950,950,1,2.0,400.0,2008
2066,6,998.0,1790,1790,2,2.0,540.0,2008
2067,5,0.0,1764,1764,2,1.0,301.0,2008
2068,5,1824.0,1824,1824,2,2.0,484.0,2008
2069,4,0.0,869,869,1,1.0,390.0,2008
2070,5,747.0,747,1159,1,1.0,288.0,2008
2071,4,672.0,672,672,1,1.0,308.0,2008
2072,5,892.0,1254,1436,1,4.0,1488.0,2008
2073,5,912.0,1044,1044,1,2.0,372.0,2008
2074,7,1312.0,1312,1312,1,2.0,495.0,2008
2075,6,1081.0,1081,1081,1,1.0,401.0,2008
2076,5,876.0,876,876,1,2.0,576.0,2008
2077,5,1256.0,1256,1256,1,1.0,311.0,2008
2078,5,1027.0,1027,1027,1,1.0,299.0,2008
2079,6,768.0,819,1320,2,2.0,576.0,2008
2080,6,936.0,984,984,1,1.0,280.0,2008
2081,6,854.0,854,1278,1,1.0,240.0,2008
2082,5,1800.0,1800,1800,2,0.0,0.0,2008
2083,5,768.0,1024,1588,1,2.0,480.0,2008
2084,5,825.0,825,825,1,1.0,350.0,2008
2085,5,1117.0,1117,1117,1,1.0,264.0,2008
2086,6,192.0,1133,1133,1,1.0,308.0,2008
2087,5,780.0,948,1323,1,2.0,400.0,2008
2088,5,680.0,680,1360,1,1.0,330.0,2008
2089,5,672.0,672,672,1,1.0,256.0,2008
2090,6,728.0,728,1456,1,1.0,308.0,2008
2091,4,828.0,828,1594,2,0.0,0.0,2008
2092,4,801.0,1095,1656,2,2.0,440.0,2008
2093,5,936.0,960,1740,1,1.0,225.0,2008
2094,7,931.0,1027,1027,1,0.0,0.0,2008
2095,6,884.0,884,1436,2,2.0,828.0,2008
2096,5,481.0,899,899,1,1.0,200.0,2008
2097,5,684.0,684,1080,1,0.0,0.0,2008
2098,5,904.0,904,1499,1,3.0,869.0,2008
2099,2,407.0,407,407,1,1.0,297.0,2008
2100,3,448.0,1588,1588,2,0.0,0.0,2008
2101,5,797.0,830,1627,2,2.0,420.0,2008
2102,7,624.0,730,1450,1,1.0,288.0,2008
2103,5,346.0,709,1017,1,1.0,308.0,2008
2104,5,973.0,1377,2350,2,2.0,393.0,2008
2105,5,572.0,884,1540,1,0.0,0.0,2008
2106,2,723.0,723,1086,1,2.0,400.0,2008
2107,7,1313.0,1313,2495,2,2.0,342.0,2008
2108,5,984.0,984,984,1,1.0,308.0,2008
2109,4,869.0,1093,1093,1,1.0,308.0,2008
2110,5,1008.0,1143,1143,1,1.0,288.0,2008
2111,7,672.0,1195,1668,1,1.0,252.0,2008
2112,5,1024.0,1144,1738,2,1.0,240.0,2008
2113,5,672.0,832,1210,1,1.0,240.0,2008
2114,6,554.0,736,1290,1,1.0,200.0,2008
2115,6,981.0,1014,1672,1,1.0,240.0,2008
2116,5,949.0,949,949,1,2.0,370.0,2008
2117,6,825.0,825,1497,2,1.0,672.0,2008
2118,6,739.0,874,1342,2,1.0,240.0,2008
2119,6,992.0,1013,1013,1,1.0,160.0,2008
2120,5,565.0,565,1216,1,1.0,355.0,2008
2121,4,1046.1179698216736,896,896,1,1.0,280.0,2008
2122,4,704.0,624,1136,1,1.0,336.0,2008
2123,5,0.0,808,808,1,1.0,164.0,2008
2124,7,989.0,1245,2009,2,2.0,400.0,2008
2125,5,1100.0,1226,1902,2,2.0,576.0,2008
2126,6,810.0,1170,1716,2,2.0,672.0,2008
2127,6,1242.0,1242,1984,2,1.0,360.0,2008
2128,6,796.0,825,1609,1,1.0,228.0,2008
2129,6,768.0,768,768,1,2.0,440.0,2008
2130,6,768.0,768,1536,1,1.0,308.0,2008
2131,6,1272.0,1272,1969,2,2.0,400.0,2008
2132,5,880.0,880,1308,2,2.0,400.0,2008
2133,6,1040.0,1040,1040,1,2.0,320.0,2008
2134,6,768.0,788,1236,2,1.0,384.0,2008
2135,5,451.0,759,759,1,2.0,576.0,2008
2136,3,536.0,808,1344,2,0.0,0.0,2008
2137,5,1046.0,1054,1054,1,1.0,240.0,2008
2138,5,981.0,1075,1075,1,2.0,440.0,2008
2139,6,1008.0,1096,1096,1,2.0,484.0,2008
2140,5,992.0,992,992,1,1.0,294.0,2008
2141,6,450.0,1034,1034,1,2.0,504.0,2008
2142,5,1073.0,1073,1073,1,1.0,270.0,2008
2143,5,1060.0,1126,1126,1,2.0,506.0,2008
2144,5,1300.0,1140,1140,1,2.0,400.0,2008
2145,5,960.0,960,960,1,1.0,300.0,2008
2146,6,988.0,1188,1188,1,2.0,621.0,2008
2147,5,988.0,1721,1721,2,2.0,626.0,2008
2148,5,576.0,864,1350,1,3.0,627.0,2008
2149,5,864.0,904,904,1,3.0,912.0,2008
2150,7,1524.0,1524,1524,2,2.0,478.0,2008
2151,7,570.0,617,1079,1,1.0,249.0,2008
2152,5,1580.0,1518,1518,1,0.0,0.0,2008
2153,5,1509.0,1509,1509,1,1.0,322.0,2008
2154,5,864.0,864,864,1,0.0,0.0,2008
2155,6,621.0,621,1269,1,1.0,280.0,2008
2156,6,1077.0,1093,2814,2,2.0,614.0,2008
2157,7,1602.0,1626,1626,2,2.0,534.0,2008
2158,7,812.0,1101,2200,2,2.0,453.0,2008
2159,7,672.0,1302,2037,2,2.0,472.0,2008
2160,7,628.0,628,1356,2,2.0,484.0,2008
2161,8,1615.0,1615,1615,2,3.0,864.0,2008
2162,9,2271.0,2276,2276,2,3.0,1348.0,2008
2163,9,1751.0,1766,1766,2,3.0,874.0,2008
2164,8,1401.0,1511,1511,2,3.0,811.0,2008
2165,6,1182.0,1643,1643,2,2.0,438.0,2008
2166,5,990.0,990,990,1,2.0,528.0,2008
2167,7,1418.0,1418,1418,2,2.0,558.0,2008
2168,6,864.0,872,1771,2,2.0,600.0,2008
2169,7,782.0,782,1652,2,2.0,532.0,2008
2170,7,928.0,928,1823,2,2.0,626.0,2008
2171,5,864.0,1174,1174,1,2.0,528.0,2008
2172,5,1076.0,1076,1076,1,2.0,576.0,2008
2173,5,864.0,1558,1558,2,2.0,440.0,2008
2174,7,1257.0,1290,2161,2,2.0,570.0,2008
2175,9,1357.0,1366,1947,2,3.0,725.0,2008
2176,8,1778.0,1786,1786,2,3.0,715.0,2008
2177,7,1129.0,1129,2327,2,2.0,596.0,2008
2178,8,850.0,886,1764,2,2.0,560.0,2008
2179,6,848.0,848,848,1,2.0,420.0,2008
2180,6,1838.0,1838,1838,2,3.0,721.0,2008
2181,7,1445.0,1445,1445,2,2.0,470.0,2008
2182,7,1564.0,1564,1564,2,3.0,814.0,2008
2183,7,1351.0,1361,1361,2,2.0,610.0,2008
2184,5,1092.0,1092,1092,1,1.0,264.0,2008
2185,5,456.0,1033,1033,1,2.0,504.0,2008
2186,6,1127.0,1127,1127,1,2.0,480.0,2008
2187,6,1029.0,1117,1117,1,2.0,542.0,2008
2188,6,684.0,684,1398,1,2.0,440.0,2008
2189,5,0.0,3820,3820,3,2.0,624.0,2008
2190,4,0.0,1152,1152,2,0.0,0.0,2008
2191,4,0.0,1152,1152,2,0.0,0.0,2008
2192,4,784.0,784,784,1,0.0,0.0,2008
2193,5,585.0,585,1053,1,0.0,0.0,2008
2194,5,0.0,929,1137,1,0.0,0.0,2008
2195,4,911.0,930,930,1,1.0,286.0,2008
2196,4,416.0,1204,1204,1,1.0,312.0,2008
2197,4,949.0,949,1292,1,1.0,205.0,2008
2198,7,1228.0,1424,1424,2,1.0,312.0,2008
2199,6,960.0,960,1920,2,2.0,480.0,2008
2200,6,644.0,672,1316,1,1.0,369.0,2008
2201,6,676.0,676,1264,1,2.0,400.0,2008
2202,8,798.0,798,1512,2,1.0,180.0,2008
2203,6,784.0,819,1603,1,2.0,599.0,2008
2204,5,942.0,1265,1938,2,1.0,240.0,2008
2205,5,884.0,932,1374,1,1.0,225.0,2008
2206,6,1091.0,1091,1091,1,1.0,344.0,2008
2207,8,608.0,983,1873,1,2.0,786.0,2008
2208,7,832.0,1218,2161,2,2.0,506.0,2008
2209,5,1898.0,1898,1898,2,2.0,484.0,2008
2210,6,516.0,516,1032,1,2.0,462.0,2008
2211,6,894.0,919,919,1,1.0,195.0,2008
2212,6,720.0,760,1090,1,1.0,240.0,2008
2213,5,780.0,780,1200,1,0.0,0.0,2008
2214,5,624.0,1092,1656,1,1.0,288.0,2008
2215,5,520.0,912,912,1,1.0,360.0,2008
2216,5,1151.0,1151,1955,2,1.0,356.0,2008
2217,1,0.0,733,733,1,2.0,487.0,2008
2218,4,173.0,825,1361,1,1.0,185.0,2008
2219,4,356.0,671,1049,1,1.0,195.0,2008
2220,4,592.0,432,864,1,1.0,216.0,2008
2221,8,1596.0,1648,1648,2,2.0,525.0,2008
2222,7,1594.0,1646,1646,2,2.0,482.0,2008
2223,7,1840.0,2032,2032,3,3.0,786.0,2008
2224,7,910.0,910,1820,2,3.0,816.0,2008
2225,5,0.0,936,1872,2,2.0,484.0,2008
2226,4,1680.0,1689,1689,2,2.0,432.0,2008
2227,7,1277.0,1501,1501,2,2.0,512.0,2008
2228,8,1518.0,1537,1537,2,3.0,788.0,2008
2229,8,920.0,920,1780,2,2.0,612.0,2008
2230,5,352.0,712,1442,2,2.0,400.0,2008
2231,7,796.0,796,1612,2,3.0,666.0,2008
2232,6,1495.0,1495,1495,2,2.0,438.0,2008
2233,6,1256.0,1256,1256,2,2.0,578.0,2008
2234,8,1432.0,1440,1440,2,2.0,467.0,2008
2235,6,1666.0,1675,1675,2,2.0,435.0,2008
2236,8,1884.0,1728,1728,2,2.0,520.0,2008
2237,8,1964.0,1964,1964,2,3.0,892.0,2008
2238,7,1344.0,1344,1344,2,4.0,784.0,2008
2239,5,1092.0,1092,1092,1,0.0,0.0,2008
2240,6,1189.0,1189,1189,2,2.0,392.0,2008
2241,4,1200.0,1200,1200,1,3.0,850.0,2008
2242,5,1040.0,1040,1040,1,2.0,499.0,2008
2243,5,550.0,925,1475,2,1.0,336.0,2008
2244,4,526.0,526,988,1,1.0,297.0,2008
2245,4,462.0,526,988,1,1.0,297.0,2008
2246,5,1113.0,1160,1160,1,1.0,257.0,2008
2247,6,546.0,546,1092,2,0.0,0.0,2008
2248,5,816.0,816,816,1,1.0,264.0,2008
2249,5,845.0,845,845,1,1.0,264.0,2008
2250,5,864.0,889,889,1,2.0,484.0,2008
2251,5,686.0,1150,1836,2,1.0,288.0,2008
2252,6,1587.0,1587,1587,2,2.0,525.0,2007
2253,6,384.0,754,1384,2,2.0,390.0,2007
2254,6,392.0,924,1694,2,2.0,398.0,2007
2255,6,923.0,947,1714,2,2.0,451.0,2007
2256,7,691.0,691,1553,2,2.0,420.0,2007
2257,6,938.0,957,2299,3,2.0,482.0,2007
2258,7,1168.0,1187,1187,2,2.0,420.0,2007
2259,6,903.0,910,1642,2,2.0,392.0,2007
2260,6,1302.0,1128,1128,1,2.0,480.0,2007
2261,8,1166.0,1179,1179,2,2.0,480.0,2007
2262,8,1312.0,1321,1321,1,2.0,484.0,2007
2263,8,1149.0,1164,2541,3,3.0,729.0,2007
2264,9,2660.0,2338,2338,2,3.0,1110.0,2007
2265,5,1100.0,1424,1424,1,3.0,828.0,2007
2266,9,1612.0,1612,1612,2,2.0,556.0,2007
2267,8,2220.0,2234,2234,1,2.0,724.0,2007
2268,10,1742.0,2042,2042,2,3.0,724.0,2007
2269,6,1284.0,1284,1284,2,2.0,480.0,2007
2270,7,725.0,725,1479,2,2.0,484.0,2007
2271,7,1529.0,1664,1664,2,2.0,663.0,2007
2272,7,780.0,1085,1930,2,2.0,481.0,2007
2273,6,1153.0,1177,1177,2,2.0,495.0,2007
2274,6,1259.0,1353,1353,2,2.0,478.0,2007
2275,6,1625.0,1220,1220,2,2.0,944.0,2007
2276,7,1228.0,1324,1324,2,2.0,585.0,2007
2277,6,1084.0,1084,1877,2,2.0,488.0,2007
2278,5,925.0,1422,1422,1,2.0,576.0,2007
2279,5,914.0,914,914,1,1.0,368.0,2007
2280,4,914.0,914,914,1,1.0,270.0,2007
2281,6,1337.0,1337,1337,2,2.0,511.0,2007
2282,6,1405.0,1337,1337,2,2.0,522.0,2007
2283,6,525.0,525,1092,1,1.0,264.0,2007
2284,6,672.0,672,1218,1,1.0,264.0,2007
2285,7,1061.0,1055,1055,2,1.0,319.0,2007
2286,5,988.0,988,988,1,1.0,360.0,2007
2287,9,1790.0,1816,1816,2,3.0,730.0,2007
2288,8,1694.0,1694,1694,2,3.0,856.0,2007
2289,8,2108.0,2122,2122,2,3.0,938.0,2007
2290,9,1934.0,1943,2656,2,3.0,1040.0,2007
2291,8,1108.0,1148,2550,2,3.0,670.0,2007
2292,10,1994.0,2046,2046,2,3.0,878.0,2007
2293,9,2552.0,2552,2552,2,3.0,932.0,2007
2294,9,1704.0,1722,2758,2,3.0,814.0,2007
2295,10,2320.0,2290,2290,2,3.0,1174.0,2007
2296,8,1582.0,1582,2152,2,2.0,728.0,2007
2297,8,918.0,958,2100,2,3.0,786.0,2007
2298,9,1802.0,1802,1802,2,3.0,843.0,2007
2299,8,1706.0,1718,2956,2,3.0,916.0,2007
2300,8,1317.0,1217,2385,2,3.0,818.0,2007
2301,8,895.0,895,1818,2,3.0,774.0,2007
2302,7,1614.0,1614,1614,2,3.0,878.0,2007
2303,8,1721.0,1721,1721,2,2.0,554.0,2007
2304,8,1298.0,1298,1828,2,3.0,876.0,2007
2305,6,1302.0,1302,1302,1,2.0,631.0,2007
2306,6,1302.0,1302,1302,1,2.0,631.0,2007
2307,6,1362.0,1362,1362,2,2.0,460.0,2007
2308,8,1554.0,1554,1554,2,2.0,627.0,2007
2309,9,1577.0,1577,1577,2,2.0,564.0,2007
2310,8,1324.0,1324,1324,2,2.0,550.0,2007
2311,7,1405.0,1405,1405,2,2.0,478.0,2007
2312,6,768.0,768,1496,3,2.0,572.0,2007
2313,6,768.0,768,1536,2,2.0,400.0,2007
2314,7,608.0,608,1458,2,2.0,454.0,2007
2315,6,738.0,738,1495,2,2.0,440.0,2007
2316,6,698.0,698,1746,2,3.0,350.0,2007
2317,6,1326.0,1326,1326,2,2.0,388.0,2007
2318,6,752.0,752,1504,2,2.0,440.0,2007
2319,7,728.0,728,1456,2,2.0,400.0,2007
2320,7,1246.0,1258,1258,2,2.0,462.0,2007
2321,8,1406.0,1589,1589,2,3.0,630.0,2007
2322,7,1266.0,1266,1266,2,2.0,388.0,2007
2323,7,835.0,1119,1119,2,2.0,437.0,2007
2324,7,384.0,744,1374,2,2.0,400.0,2007
2325,7,1510.0,1525,1525,2,2.0,534.0,2007
2326,7,384.0,754,1394,2,2.0,400.0,2007
2327,7,847.0,847,1948,2,2.0,434.0,2007
2328,7,854.0,864,1995,2,2.0,435.0,2007
2329,6,915.0,940,1690,2,2.0,442.0,2007
2330,6,941.0,961,1644,2,2.0,460.0,2007
2331,8,1779.0,1779,2551,2,3.0,925.0,2007
2332,9,1408.0,1671,3078,2,3.0,806.0,2007
2333,8,1389.0,1411,2582,2,3.0,758.0,2007
2334,7,1066.0,1108,2385,2,3.0,600.0,2007
2335,8,1105.0,1105,2202,2,2.0,517.0,2007
2336,8,1325.0,1335,2538,2,3.0,933.0,2007
2337,7,1369.0,1369,1369,2,2.0,605.0,2007
2338,8,1542.0,1542,1542,2,3.0,852.0,2007
2339,8,1524.0,1534,1534,2,2.0,484.0,2007
2340,10,1966.0,1966,1966,2,3.0,1092.0,2007
2341,7,1528.0,1528,1528,3,2.0,480.0,2007
2342,8,1538.0,1538,1538,2,2.0,484.0,2007
2343,7,1494.0,1506,1506,2,2.0,672.0,2007
2344,7,982.0,982,1977,2,3.0,574.0,2007
2345,8,1302.0,1302,1830,2,3.0,859.0,2007
2346,8,1338.0,1338,1338,2,2.0,598.0,2007
2347,7,1335.0,1335,1335,2,2.0,575.0,2007
2348,8,896.0,896,1792,2,2.0,590.0,2007
2349,5,725.0,725,1588,3,2.0,561.0,2007
2350,8,955.0,955,1880,2,3.0,880.0,2007
2351,8,1574.0,1584,1584,2,2.0,594.0,2007
2352,8,1685.0,1685,1685,2,3.0,658.0,2007
2353,6,1158.0,1158,2443,2,3.0,744.0,2007
2354,6,1100.0,1100,1100,1,0.0,0.0,2007
2355,7,1143.0,1143,1143,1,0.0,0.0,2007
2356,5,1094.0,1094,1094,1,2.0,576.0,2007
2357,7,1461.0,1486,1486,2,2.0,566.0,2007
2358,6,864.0,920,1820,2,2.0,492.0,2007
2359,6,630.0,630,1266,1,1.0,283.0,2007
2360,5,894.0,894,894,1,1.0,308.0,2007
2361,5,1040.0,1040,1040,1,2.0,686.0,2007
2362,7,1223.0,1271,2503,2,2.0,564.0,2007
2363,5,1037.0,1037,1037,1,2.0,431.0,2007
2364,6,1044.0,1055,1055,1,2.0,542.0,2007
2365,8,1378.0,1378,1378,2,2.0,540.0,2007
2366,8,1141.0,1151,1151,2,2.0,484.0,2007
2367,8,1511.0,1565,1565,2,2.0,476.0,2007
2368,7,1352.0,1352,1352,2,2.0,466.0,2007
2369,8,1550.0,1550,1550,2,2.0,528.0,2007
2370,6,744.0,757,1501,2,2.0,440.0,2007
2371,6,756.0,769,1573,2,2.0,440.0,2007
2372,7,1339.0,1358,1358,2,2.0,625.0,2007
2373,8,1054.0,1072,2048,2,2.0,552.0,2007
2374,8,1220.0,1220,2362,2,2.0,1105.0,2007
2375,8,1494.0,1494,1494,1,2.0,478.0,2007
2376,7,2002.0,2362,2362,2,2.0,546.0,2007
2377,8,2461.0,2497,2497,2,2.0,676.0,2007
2378,6,912.0,1152,1152,1,2.0,412.0,2007
2379,6,1008.0,1403,2411,2,2.0,570.0,2007
2380,6,973.0,1082,1082,1,2.0,480.0,2007
2381,6,1295.0,1295,1295,1,2.0,528.0,2007
2382,7,1124.0,1610,1610,2,2.0,515.0,2007
2383,7,1594.0,1594,1594,2,2.0,472.0,2007
2384,7,1148.0,1091,2075,2,2.0,473.0,2007
2385,6,1093.0,1093,1093,2,2.0,484.0,2007
2386,6,1052.0,1052,1052,1,1.0,311.0,2007
2387,5,949.0,1107,1107,1,1.0,308.0,2007
2388,4,0.0,1224,1224,2,3.0,530.0,2007
2389,5,894.0,1074,1074,1,2.0,396.0,2007
2390,5,864.0,1187,1187,1,2.0,440.0,2007
2391,5,964.0,964,964,1,2.0,784.0,2007
2392,5,894.0,894,894,1,1.0,312.0,2007
2393,7,1174.0,1200,1200,2,2.0,440.0,2007
2394,6,1042.0,1042,1042,2,2.0,440.0,2007
2395,6,845.0,845,2154,2,2.0,539.0,2007
2396,6,1130.0,1374,1374,1,1.0,286.0,2007
2397,6,1592.0,1652,1652,1,2.0,510.0,2007
2398,5,822.0,908,908,1,2.0,512.0,2007
2399,3,666.0,666,666,1,0.0,0.0,2007
2400,3,370.0,442,670,1,0.0,0.0,2007
2401,5,808.0,808,808,1,1.0,308.0,2007
2402,5,1078.0,1150,1150,1,1.0,288.0,2007
2403,5,1560.0,1560,1560,2,3.0,792.0,2007
2404,5,793.0,1280,1280,2,2.0,432.0,2007
2405,6,1218.0,1254,1254,1,2.0,525.0,2007
2406,6,936.0,936,936,1,1.0,315.0,2007
2407,5,1008.0,1008,1008,1,1.0,308.0,2007
2408,5,1053.0,1053,1053,1,2.0,692.0,2007
2409,5,1144.0,1144,1144,1,1.0,336.0,2007
2410,6,1331.0,1721,1721,1,2.0,464.0,2007
2411,5,922.0,922,922,1,1.0,308.0,2007
2412,5,1204.0,1411,1411,1,1.0,310.0,2007
2413,5,1216.0,1216,1216,1,1.0,336.0,2007
2414,5,864.0,1154,1154,1,1.0,336.0,2007
2415,5,1560.0,1560,1560,2,2.0,484.0,2007
2416,6,948.0,948,948,1,2.0,410.0,2007
2417,6,1040.0,1040,1040,1,1.0,293.0,2007
2418,5,925.0,925,925,1,1.0,252.0,2007
2419,4,1190.0,1040,1540,1,1.0,352.0,2007
2420,5,923.0,925,925,1,1.0,390.0,2007
2421,4,1105.0,1647,1647,1,1.0,280.0,2007
2422,5,924.0,924,924,1,1.0,420.0,2007
2423,4,925.0,1000,1544,2,0.0,0.0,2007
2424,5,1216.0,1216,1728,1,1.0,371.0,2007
2425,5,666.0,1308,3086,3,3.0,1200.0,2007
2426,4,1151.0,845,1281,2,2.0,580.0,2007
2427,5,736.0,751,1534,1,0.0,0.0,2007
2428,7,725.0,1035,1651,2,1.0,276.0,2007
2429,5,920.0,888,888,1,1.0,240.0,2007
2430,6,952.0,952,952,1,1.0,288.0,2007
2431,5,864.0,1238,1238,1,1.0,357.0,2007
2432,5,1040.0,1040,1040,1,1.0,286.0,2007
2433,5,1170.0,1170,1170,1,1.0,338.0,2007
2434,5,1242.0,1242,1242,1,1.0,324.0,2007
2435,5,1377.0,1377,1377,1,1.0,351.0,2007
2436,5,0.0,925,925,1,1.0,300.0,2007
2437,5,864.0,864,864,1,1.0,294.0,2007
2438,5,896.0,936,936,1,1.0,288.0,2007
2439,5,850.0,960,960,1,2.0,576.0,2007
2440,6,845.0,866,1296,1,2.0,576.0,2007
2441,5,1022.0,1022,1022,1,1.0,184.0,2007
2442,5,967.0,967,967,1,1.0,180.0,2007
2443,5,808.0,1072,1072,1,2.0,379.0,2007
2444,5,680.0,680,1174,1,2.0,576.0,2007
2445,4,570.0,761,1141,1,1.0,252.0,2007
2446,4,1075.0,1156,1798,2,2.0,342.0,2007
2447,8,725.0,909,1772,2,2.0,816.0,2007
2448,6,728.0,914,1642,1,1.0,374.0,2007
2449,5,616.0,616,1232,1,2.0,480.0,2007
2450,6,926.0,991,1650,2,2.0,468.0,2007
2451,5,687.0,687,1358,1,1.0,336.0,2007
2452,7,819.0,1312,2454,2,2.0,576.0,2007
2453,4,0.0,968,968,1,1.0,331.0,2007
2454,4,0.0,1382,1382,2,1.0,384.0,2007
2455,5,756.0,916,1060,1,1.0,308.0,2007
2456,5,910.0,910,1435,1,1.0,308.0,2007
2457,5,728.0,728,1274,2,1.0,224.0,2007
2458,6,600.0,608,1232,1,1.0,217.0,2007
2459,5,884.0,884,884,1,1.0,240.0,2007
2460,6,861.0,861,1409,1,2.0,528.0,2007
2461,5,672.0,899,1322,1,1.0,280.0,2007
2462,5,966.0,1014,1426,1,1.0,230.0,2007
2463,5,756.0,903,1281,1,2.0,379.0,2007
2464,6,1100.0,1100,2264,2,1.0,408.0,2007
2465,6,768.0,752,1376,1,2.0,576.0,2007
2466,5,750.0,960,1316,1,2.0,576.0,2007
2467,7,672.0,672,1344,1,2.0,456.0,2007
2468,5,592.0,933,1173,2,1.0,240.0,2007
2469,5,969.0,969,1214,1,1.0,216.0,2007
2470,6,741.0,1497,2294,3,2.0,658.0,2007
2471,7,976.0,976,1952,1,1.0,299.0,2007
2472,6,1138.0,1138,2180,1,2.0,720.0,2007
2473,4,808.0,838,1315,2,2.0,436.0,2007
2474,4,771.0,866,1484,2,1.0,264.0,2007
2475,7,1005.0,1262,2267,1,2.0,498.0,2007
2476,5,672.0,778,1282,1,1.0,240.0,2007
2477,5,925.0,999,999,1,1.0,308.0,2007
2478,5,1420.0,1452,1452,1,2.0,572.0,2007
2479,4,1005.0,1005,1005,1,2.0,440.0,2007
2480,5,980.0,1020,1020,2,2.0,528.0,2007
2481,5,1040.0,1040,1040,1,1.0,264.0,2007
2482,5,768.0,868,868,1,2.0,576.0,2007
2483,5,876.0,897,897,1,1.0,264.0,2007
2484,5,943.0,943,943,1,2.0,528.0,2007
2485,5,912.0,912,912,1,1.0,315.0,2007
2486,5,1240.0,1375,1375,1,1.0,323.0,2007
2487,5,671.0,1567,2654,3,2.0,638.0,2007
2488,7,680.0,798,1302,1,1.0,224.0,2007
2489,6,967.0,1299,1299,1,2.0,494.0,2007
2490,5,1158.0,1176,1176,1,1.0,303.0,2007
2491,4,0.0,998,998,1,2.0,460.0,2007
2492,6,1190.0,1522,1522,2,2.0,552.0,2007
2493,5,409.0,1325,1325,2,2.0,576.0,2007
2494,5,1073.0,1630,1630,2,2.0,649.0,2007
2495,4,484.0,1242,1242,1,1.0,336.0,2007
2496,6,1288.0,2422,2422,3,2.0,527.0,2007
2497,6,988.0,988,1626,1,1.0,332.0,2007
2498,5,864.0,864,864,1,1.0,399.0,2007
2499,4,0.0,943,943,1,1.0,308.0,2007
2500,5,1038.0,1038,1038,2,1.0,264.0,2007
2501,5,1342.0,1342,1342,1,1.0,256.0,2007
2502,5,1080.0,1080,1480,1,1.0,253.0,2007
2503,4,951.0,986,1362,2,1.0,280.0,2007
2504,6,1105.0,1105,1822,2,2.0,515.0,2007
2505,7,779.0,1029,1958,2,2.0,499.0,2007
2506,8,1643.0,1651,1651,2,3.0,870.0,2007
2507,8,2140.0,2140,2140,2,3.0,894.0,2007
2508,8,1643.0,1651,1651,2,3.0,870.0,2007
2509,7,1546.0,1546,1546,2,3.0,796.0,2007
2510,8,1489.0,1500,1500,2,2.0,674.0,2007
2511,7,1270.0,1270,1270,2,2.0,524.0,2007
2512,7,879.0,879,1795,2,2.0,578.0,2007
2513,7,929.0,946,1873,2,2.0,619.0,2007
2514,8,966.0,1743,1743,0,2.0,529.0,2007
2515,5,1022.0,1022,1022,1,2.0,747.0,2007
2516,6,635.0,646,1308,2,2.0,497.0,2007
2517,5,990.0,990,990,1,1.0,384.0,2007
2518,5,1097.0,1097,1097,1,1.0,242.0,2007
2519,7,988.0,988,1873,2,2.0,597.0,2007
2520,7,853.0,853,1753,2,2.0,534.0,2007
2521,7,845.0,845,1690,2,2.0,517.0,2007
2522,7,985.0,985,1842,2,2.0,486.0,2007
2523,5,864.0,894,894,1,2.0,440.0,2007
2524,5,1015.0,1025,1025,2,2.0,370.0,2007
2525,5,995.0,1009,1009,2,2.0,576.0,2007
2526,5,1040.0,1040,1040,1,2.0,748.0,2007
2527,5,876.0,907,907,1,1.0,308.0,2007
2528,5,864.0,879,879,1,2.0,440.0,2007
2529,5,864.0,864,864,1,2.0,576.0,2007
2530,4,385.0,875,875,1,2.0,728.0,2007
2531,7,1673.0,1673,1673,2,2.0,583.0,2007
2532,7,979.0,992,1932,2,2.0,610.0,2007
2533,7,860.0,860,1729,2,2.0,542.0,2007
2534,8,1556.0,1592,1592,2,2.0,484.0,2007
2535,8,1531.0,1531,2439,2,2.0,560.0,2007
2536,7,860.0,1212,1992,2,2.0,608.0,2007
2537,8,1341.0,1341,1341,1,2.0,482.0,2007
2538,7,738.0,738,1476,2,2.0,552.0,2007
2539,7,1169.0,1190,1190,2,2.0,578.0,2007
2540,6,1330.0,1330,1330,2,2.0,437.0,2007
2541,7,738.0,738,1491,2,2.0,484.0,2007
2542,5,768.0,768,1536,2,2.0,400.0,2007
2543,5,936.0,936,936,1,1.0,384.0,2007
2544,4,1088.0,1088,1088,1,2.0,520.0,2007
2545,5,901.0,901,1351,1,2.0,576.0,2007
2546,6,1179.0,1179,1179,1,2.0,622.0,2007
2547,6,960.0,1044,1044,1,2.0,528.0,2007
2548,5,0.0,1100,2233,2,2.0,579.0,2007
2549,5,734.0,734,1408,2,2.0,489.0,2007
2550,10,5095.0,5095,5095,2,3.0,1154.0,2007
2551,6,547.0,1072,1072,1,2.0,525.0,2007
2552,5,960.0,960,960,1,1.0,392.0,2007
2553,4,0.0,1152,1152,2,0.0,0.0,2007
2554,5,1195.0,1195,1195,2,0.0,0.0,2007
2555,6,660.0,740,865,1,1.0,216.0,2007
2556,4,768.0,768,768,1,1.0,355.0,2007
2557,4,864.0,864,864,1,2.0,528.0,2007
2558,5,1296.0,1296,2592,2,0.0,0.0,2007
2559,5,1290.0,1422,1422,1,1.0,352.0,2007
2560,6,651.0,759,1298,2,1.0,240.0,2007
2561,7,531.0,567,1098,1,1.0,216.0,2007
2562,6,585.0,851,1436,1,1.0,228.0,2007
2563,6,686.0,686,1461,1,1.0,225.0,2007
2564,7,851.0,867,1718,2,2.0,264.0,2007
2565,5,0.0,1226,1226,1,2.0,400.0,2007
2566,4,930.0,1230,1755,2,1.0,231.0,2007
2567,5,728.0,760,1355,2,2.0,528.0,2007
2568,6,1560.0,1560,1560,1,2.0,580.0,2007
2569,6,1488.0,1488,1488,2,2.0,552.0,2007
2570,6,516.0,529,1045,1,2.0,462.0,2007
2571,4,1680.0,1680,1680,2,2.0,628.0,2007
2572,8,1004.0,1020,1020,1,2.0,509.0,2007
2573,7,1696.0,1696,1696,2,2.0,625.0,2007
2574,8,279.0,2726,2726,2,2.0,691.0,2007
2575,6,720.0,720,1215,1,2.0,720.0,2007
2576,5,936.0,936,1601,2,0.0,0.0,2007
2577,5,859.0,942,1828,2,1.7661179698216736,472.76886145404666,2007
2578,5,816.0,816,816,1,1.0,100.0,2007
2579,2,0.0,640,845,1,1.0,256.0,2007
2580,5,957.0,1034,1991,2,0.0,0.0,2007
2581,4,1073.0,1073,1073,1,2.0,720.0,2007
2582,5,837.0,1001,1001,1,1.0,216.0,2007
2583,8,1573.0,1625,1625,2,2.0,495.0,2007
2584,6,1001.0,1299,1299,2,2.0,486.0,2007
2585,5,1441.0,1392,1392,2,3.0,650.0,2007
2586,7,1409.0,1409,1409,1,2.0,576.0,2007
2587,7,1454.0,1478,1478,2,2.0,506.0,2007
2588,7,852.0,918,918,1,1.0,360.0,2007
2589,6,970.0,1026,1026,1,2.0,528.0,2007
2590,7,1501.0,1501,1501,2,2.0,512.0,2007
2591,6,585.0,2279,2279,2,2.0,461.0,2007
2592,7,1689.0,1689,1689,2,2.0,433.0,2007
2593,8,1546.0,1564,1564,2,2.0,502.0,2007
2594,7,1265.0,1240,1240,2,2.0,528.0,2007
2595,8,1267.0,1312,1312,2,2.0,471.0,2007
2596,8,1922.0,1922,1922,2,3.0,692.0,2007
2597,6,1491.0,1491,1491,2,2.0,571.0,2007
2598,7,1122.0,1146,2486,3,2.0,452.0,2007
2599,10,1824.0,1824,1824,2,3.0,932.0,2007
2600,3,0.0,2034,2034,1,4.0,1041.0,2007
2601,6,920.0,936,936,0,2.0,460.0,2007
2602,4,546.0,546,1092,1,1.0,253.0,2007
2603,4,530.0,530,992,1,1.0,297.0,2007
2604,4,546.0,546,1092,1,0.0,0.0,2007
2605,4,546.0,546,1092,1,1.0,286.0,2007
2606,5,923.0,1008,1008,1,2.0,678.0,2007
2607,6,1244.0,1356,1356,2,2.0,528.0,2007
2608,5,1160.0,1676,1676,1,2.0,672.0,2007
2609,5,716.0,716,1432,1,2.0,531.0,2007
2610,5,796.0,796,796,1,0.0,0.0,2007
2611,4,1396.0,1608,1608,1,1.0,444.0,2007
2612,5,1090.0,1178,1178,1,2.0,502.0,2007
2613,5,816.0,816,816,1,1.0,264.0,2007
2614,5,864.0,887,887,1,1.0,288.0,2007
2615,6,1178.0,1293,1293,2,2.0,452.0,2006
2616,6,1008.0,1024,1024,1,1.0,313.0,2006
2617,5,1617.0,1797,1797,1,3.0,963.0,2006
2618,6,1705.0,1390,1390,1,2.0,550.0,2006
2619,7,1851.0,1851,1851,2,2.0,506.0,2006
2620,6,813.0,813,1525,2,2.0,400.0,2006
2621,6,781.0,781,1671,2,2.0,423.0,2006
2622,6,821.0,821,1776,2,2.0,443.0,2006
2623,8,1074.0,1074,2064,2,2.0,527.0,2006
2624,7,1700.0,1700,2212,2,3.0,773.0,2006
2625,8,2062.0,2079,2687,2,2.0,618.0,2006
2626,6,1160.0,1169,1169,2,2.0,402.0,2006
2627,8,1191.0,1204,1204,2,2.0,461.0,2006
2628,9,1398.0,1414,2798,3,3.0,670.0,2006
2629,10,1528.0,1528,3390,3,3.0,758.0,2006
2630,9,1094.0,1102,2473,2,3.0,675.0,2006
2631,10,1850.0,1850,2698,2,3.0,736.0,2006
2632,9,1390.0,1390,2795,3,3.0,660.0,2006
2633,9,1714.0,1714,1714,2,2.0,517.0,2006
2634,9,1910.0,2000,2000,2,3.0,722.0,2006
2635,6,988.0,1102,1102,1,2.0,582.0,2006
2636,7,945.0,945,1857,2,2.0,482.0,2006
2637,7,1047.0,1083,1083,1,2.0,596.0,2006
2638,7,960.0,960,2318,2,2.0,541.0,2006
2639,6,675.0,1109,1875,3,2.0,485.0,2006
2640,6,1103.0,1103,1103,2,2.0,462.0,2006
2641,4,864.0,874,874,1,2.0,576.0,2006
2642,6,1487.0,1419,1419,2,2.0,543.0,2006
2643,6,525.0,525,1092,1,2.0,440.0,2006
2644,5,765.0,765,1365,1,2.0,440.0,2006
2645,6,494.0,494,1030,1,1.0,264.0,2006
2646,6,483.0,483,948,1,1.0,264.0,2006
2647,6,525.0,525,1092,1,1.0,264.0,2006
2648,6,1069.0,1069,1069,2,2.0,440.0,2006
2649,5,943.0,1387,1387,1,1.0,300.0,2006
2650,7,1055.0,1055,1055,2,1.0,319.0,2006
2651,6,855.0,855,1456,2,2.0,460.0,2006
2652,9,1738.0,1738,2589,2,3.0,831.0,2006
2653,8,1618.0,1618,1618,2,3.0,880.0,2006
2654,7,1721.0,1740,1740,2,3.0,874.0,2006
2655,9,1868.0,1868,1868,2,3.0,1085.0,2006
2656,9,1090.0,1117,2206,2,3.0,670.0,2006
2657,9,1606.0,1625,2091,2,2.0,521.0,2006
2658,8,1209.0,1209,2253,2,2.0,575.0,2006
2659,8,1054.0,1054,2389,2,3.0,672.0,2006
2660,8,1524.0,1544,2358,2,3.0,784.0,2006
2661,9,1792.0,1792,1792,2,3.0,925.0,2006
2662,9,1780.0,1780,1780,2,3.0,816.0,2006
2663,8,1420.0,1426,1914,2,3.0,746.0,2006
2664,9,1560.0,1565,1565,2,2.0,556.0,2006
2665,9,1686.0,1686,1686,2,3.0,899.0,2006
2666,9,1666.0,1666,1666,2,2.0,575.0,2006
2667,6,728.0,728,1456,2,2.0,390.0,2006
2668,7,738.0,738,1492,2,2.0,440.0,2006
2669,6,1326.0,1326,1326,2,2.0,427.0,2006
2670,8,1052.0,1052,2373,2,3.0,632.0,2006
2671,7,738.0,738,1492,2,2.0,440.0,2006
2672,7,1220.0,1364,1364,2,2.0,437.0,2006
2673,7,1368.0,1511,1511,2,2.0,398.0,2006
2674,7,1365.0,1548,1548,2,2.0,388.0,2006
2675,7,1142.0,1142,1142,2,2.0,440.0,2006
2676,7,848.0,848,1598,2,2.0,433.0,2006
2677,6,982.0,1008,1889,2,2.0,431.0,2006
2678,7,1035.0,1082,2322,3,3.0,617.0,2006
2679,8,1044.0,1079,1976,2,3.0,885.0,2006
2680,8,1160.0,1205,2234,2,3.0,768.0,2006
2681,9,1540.0,1540,2855,2,3.0,774.0,2006
2682,8,1342.0,1358,2726,2,3.0,725.0,2006
2683,9,1733.0,1933,3500,3,3.0,959.0,2006
2684,8,1290.0,1305,2494,2,3.0,803.0,2006
2685,8,1286.0,1565,2799,2,3.0,704.0,2006
2686,8,1100.0,1116,1964,2,2.0,760.0,2006
2687,8,1670.0,1670,1670,2,3.0,928.0,2006
2688,8,1504.0,1504,1504,2,2.0,510.0,2006
2689,8,1278.0,1278,1278,2,2.0,584.0,2006
2690,9,2036.0,2036,2640,3,3.0,792.0,2006
2691,6,858.0,858,1716,2,2.0,615.0,2006
2692,6,1142.0,1142,1142,1,0.0,0.0,2006
2693,7,1400.0,1400,1400,2,2.0,612.0,2006
2694,6,1131.0,1131,1131,1,0.0,0.0,2006
2695,7,891.0,891,1686,2,2.0,462.0,2006
2696,7,784.0,831,1585,2,2.0,449.0,2006
2697,6,941.0,941,1837,2,2.0,688.0,2006
2698,6,836.0,844,1731,2,2.0,462.0,2006
2699,6,1398.0,1398,1398,2,2.0,542.0,2006
2700,6,1217.0,1217,1217,2,2.0,484.0,2006
2701,6,636.0,636,1320,2,2.0,472.0,2006
2702,5,988.0,988,988,1,2.0,624.0,2006
2703,6,0.0,1286,1654,2,2.0,528.0,2006
2704,5,864.0,1211,1211,1,2.0,576.0,2006
2705,5,984.0,984,984,1,1.0,310.0,2006
2706,5,882.0,909,909,1,1.0,294.0,2006
2707,5,925.0,925,925,1,2.0,484.0,2006
2708,5,1024.0,1024,1024,1,1.0,308.0,2006
2709,5,912.0,912,912,1,0.0,0.0,2006
2710,5,912.0,941,941,1,1.0,288.0,2006
2711,7,1748.0,2151,2646,2,2.0,550.0,2006
2712,8,1334.0,1520,2826,2,3.0,888.0,2006
2713,7,1143.0,1143,1143,1,2.0,588.0,2006
2714,7,600.0,520,1223,2,2.0,480.0,2006
2715,6,756.0,768,1524,2,2.0,440.0,2006
2716,7,530.0,530,1080,2,2.0,496.0,2006
2717,7,569.0,854,1694,2,1.0,434.0,2006
2718,8,1568.0,1568,1568,2,2.0,564.0,2006
2719,5,1153.0,1193,1193,2,2.0,501.0,2006
2720,7,1334.0,1334,1334,2,2.0,477.0,2006
2721,5,1051.0,1051,1051,1,2.0,504.0,2006
2722,5,900.0,884,1770,1,2.0,530.0,2006
2723,6,976.0,976,976,1,2.0,504.0,2006
2724,5,833.0,898,898,1,1.0,326.0,2006
2725,5,1051.0,1051,1051,1,1.0,264.0,2006
2726,5,1141.0,1141,1141,1,1.0,568.0,2006
2727,6,1187.0,1565,1565,2,1.0,299.0,2006
2728,6,1008.0,1488,1488,1,2.0,430.0,2006
2729,5,720.0,720,1440,1,2.0,480.0,2006
2730,5,1248.0,1248,1248,1,1.0,286.0,2006
2731,6,816.0,816,816,1,1.0,240.0,2006
2732,5,938.0,1043,1043,1,1.0,273.0,2006
2733,5,1251.0,1433,1433,1,2.0,441.0,2006
2734,5,1444.0,1624,1624,1,1.0,240.0,2006
2735,5,1056.0,1216,1216,1,1.0,280.0,2006
2736,5,704.0,1024,1728,1,1.0,234.0,2006
2737,5,936.0,936,936,1,1.0,240.0,2006
2738,5,1584.0,1584,1584,2,2.0,506.0,2006
2739,6,1246.0,1246,1246,1,2.0,441.0,2006
2740,6,1008.0,1008,1008,1,2.0,430.0,2006
2741,5,1179.0,1364,1364,1,1.0,331.0,2006
2742,6,1121.0,1336,1336,1,2.0,488.0,2006
2743,5,1058.0,1370,1370,1,1.0,300.0,2006
2744,6,1124.0,1124,1124,1,1.0,353.0,2006
2745,6,1050.0,1050,1050,1,1.0,286.0,2006
2746,5,1008.0,1008,1008,1,1.0,280.0,2006
2747,6,216.0,1575,1575,1,2.0,400.0,2006
2748,5,301.0,1145,1145,1,2.0,684.0,2006
2749,5,1005.0,1005,1005,1,1.0,319.0,2006
2750,5,1056.0,1056,1056,1,1.0,300.0,2006
2751,5,884.0,884,884,1,1.0,270.0,2006
2752,7,929.0,2039,2039,1,3.0,791.0,2006
2753,5,1015.0,1384,1384,1,2.0,896.0,2006
2754,5,2171.0,1392,2640,2,3.0,1008.0,2006
2755,6,784.0,900,1312,1,2.0,649.0,2006
2756,3,713.0,713,713,1,1.0,371.0,2006
2757,3,715.0,715,715,1,2.0,660.0,2006
2758,4,448.0,448,720,1,1.0,280.0,2006
2759,6,663.0,774,1595,2,2.0,528.0,2006
2760,4,1077.0,981,1760,1,2.0,648.0,2006
2761,6,1083.0,1146,1146,1,1.0,294.0,2006
2762,6,1135.0,1207,1207,1,1.0,264.0,2006
2763,6,1313.0,1773,1773,2,2.0,418.0,2006
2764,7,0.0,1472,1472,2,2.0,484.0,2006
2765,7,1438.0,1900,2448,3,2.0,441.0,2006
2766,4,910.0,910,1521,1,1.0,597.0,2006
2767,3,0.0,1040,1040,2,2.0,400.0,2006
2768,5,1556.0,1556,1556,2,0.0,0.0,2006
2769,5,1150.0,1150,1150,1,1.0,288.0,2006
2770,7,1045.0,1045,1045,1,2.0,528.0,2006
2771,5,864.0,864,864,1,1.0,336.0,2006
2772,5,1025.0,1025,1025,1,0.0,0.0,2006
2773,5,716.0,1007,2014,2,2.0,624.0,2006
2774,5,1212.0,1226,1668,1,1.0,240.0,2006
2775,4,1147.0,1147,1657,1,1.0,162.0,2006
2776,6,780.0,940,1416,1,2.0,400.0,2006
2777,7,712.0,848,1428,1,2.0,576.0,2006
2778,7,502.0,502,1004,1,1.0,200.0,2006
2779,4,938.0,1084,1951,2,2.0,576.0,2006
2780,6,1032.0,1032,1032,1,1.0,280.0,2006
2781,5,844.0,844,844,1,1.0,216.0,2006
2782,4,576.0,864,864,1,1.0,528.0,2006
2783,3,738.0,714,1376,1,1.0,216.0,2006
2784,5,960.0,960,960,1,2.0,576.0,2006
2785,5,816.0,816,1566,1,2.0,450.0,2006
2786,3,492.0,492,492,1,1.0,200.0,2006
2787,6,770.0,885,1182,1,1.0,378.0,2006
2788,3,798.0,840,840,1,1.0,250.0,2006
2789,7,1226.0,1226,2104,2,2.0,432.0,2006
2790,5,624.0,624,1248,2,0.0,0.0,2006
2791,5,960.0,960,960,1,2.0,624.0,2006
2792,3,1020.0,1020,1020,1,0.0,0.0,2006
2793,6,848.0,1017,1827,1,1.0,240.0,2006
2794,3,728.0,728,1162,1,1.0,258.0,2006
2795,5,741.0,741,1324,1,1.0,180.0,2006
2796,5,816.0,816,816,1,1.0,210.0,2006
2797,6,1595.0,1611,2486,2,2.0,576.0,2006
2798,4,596.0,834,1430,2,2.0,370.0,2006
2799,5,396.0,665,1330,1,1.0,390.0,2006
2800,5,610.0,819,819,1,0.0,0.0,2006
2801,6,984.0,984,984,1,1.0,308.0,2006
2802,5,806.0,1081,1422,1,1.0,288.0,2006
2803,6,1921.0,1921,1921,2,2.0,576.0,2006
2804,5,0.0,1640,1640,1,2.0,394.0,2006
2805,5,0.0,1032,1032,1,1.0,260.0,2006
2806,5,830.0,879,879,1,1.0,180.0,2006
2807,7,1073.0,1073,1073,2,1.0,246.0,2006
2808,5,1064.0,1064,1064,1,2.0,528.0,2006
2809,6,912.0,934,934,1,1.0,336.0,2006
2810,5,1059.0,1059,1059,1,1.0,286.0,2006
2811,5,1176.0,1458,1458,1,2.0,512.0,2006
2812,6,960.0,1040,1040,1,2.0,616.0,2006
2813,5,1967.0,1967,1967,2,2.0,580.0,2006
2814,5,1949.0,1949,1949,2,2.0,586.0,2006
2815,5,872.0,872,872,1,1.0,322.0,2006
2816,7,1865.0,1830,1830,1,2.0,521.0,2006
2817,5,1000.0,1000,1000,1,2.0,575.0,2006
2818,5,782.0,810,810,1,2.0,576.0,2006
2819,7,430.0,880,1700,2,1.0,450.0,2006
2820,4,967.0,1350,1350,1,2.0,504.0,2006
2821,5,799.0,799,1150,1,1.0,215.0,2006
2822,6,672.0,1337,2009,2,3.0,795.0,2006
2823,6,1836.0,1836,3672,3,2.0,836.0,2006
2824,5,1776.0,1560,1560,2,2.0,528.0,2006
2825,5,0.0,1488,1488,1,2.0,569.0,2006
2826,5,1057.0,1057,1057,1,1.0,288.0,2006
2827,6,1000.0,1068,1609,1,1.0,305.0,2006
2828,6,868.0,1313,2559,2,2.0,506.0,2006
2829,6,1344.0,1440,1440,2,4.0,920.0,2006
2830,7,1308.0,1308,1876,2,3.0,848.0,2006
2831,7,1208.0,1208,1208,2,2.0,632.0,2006
2832,6,1836.0,1846,1846,2,2.0,495.0,2006
2833,8,1570.0,1590,1590,2,3.0,754.0,2006
2834,7,945.0,945,1809,2,2.0,638.0,2006
2835,7,1614.0,1614,1614,2,2.0,576.0,2006
2836,7,784.0,784,1596,2,2.0,610.0,2006
2837,6,1388.0,1388,1388,2,2.0,522.0,2006
2838,5,1100.0,1100,1100,1,2.0,462.0,2006
2839,6,781.0,795,1499,2,2.0,473.0,2006
2840,7,1425.0,1425,1425,2,2.0,591.0,2006
2841,7,842.0,856,1749,2,2.0,515.0,2006
2842,7,951.0,951,1779,2,2.0,586.0,2006
2843,6,675.0,686,1388,1,1.0,317.0,2006
2844,6,995.0,1282,1282,2,3.0,672.0,2006
2845,5,864.0,864,864,1,1.0,297.0,2006
2846,7,826.0,878,1762,2,2.0,591.0,2006
2847,6,840.0,840,1755,2,2.0,530.0,2006
2848,8,1348.0,1358,1358,1,2.0,418.0,2006
2849,7,872.0,872,1909,2,2.0,529.0,2006
2850,8,1090.0,1090,2214,2,3.0,646.0,2006
2851,7,1065.0,1065,2049,2,2.0,467.0,2006
2852,7,1054.0,1070,1939,2,3.0,555.0,2006
2853,7,930.0,950,1995,2,2.0,610.0,2006
2854,6,848.0,848,848,1,2.0,420.0,2006
2855,7,1390.0,1390,1390,2,2.0,545.0,2006
2856,7,851.0,851,1737,2,2.0,578.0,2006
2857,7,784.0,784,1611,2,2.0,572.0,2006
2858,7,1336.0,1336,1336,2,2.0,502.0,2006
2859,4,676.0,760,1436,2,2.0,528.0,2006
2860,6,976.0,1012,1012,2,0.0,0.0,2006
2861,5,1176.0,1176,1176,1,1.0,360.0,2006
2862,7,796.0,806,1724,2,2.0,616.0,2006
2863,6,914.0,914,914,1,0.0,0.0,2006
2864,7,1150.0,1164,2314,2,2.0,502.0,2006
2865,6,547.0,1072,1072,1,2.0,525.0,2006
2866,7,970.0,970,1709,2,2.0,380.0,2006
2867,4,624.0,624,936,1,1.0,265.0,2006
2868,6,832.0,846,1338,2,2.0,528.0,2006
2869,4,1093.0,1093,1669,1,1.0,288.0,2006
2870,4,954.0,1482,1482,2,2.0,609.0,2006
2871,4,864.0,964,1414,1,0.0,0.0,2006
2872,2,498.0,498,498,1,1.0,216.0,2006
2873,4,616.0,1055,1273,1,1.0,275.0,2006
2874,5,1058.0,1058,1551,2,1.0,240.0,2006
2875,6,780.0,816,1340,1,1.0,440.0,2006
2876,7,624.0,743,1479,1,1.0,312.0,2006
2877,6,755.0,755,1510,1,1.0,216.0,2006
2878,7,818.0,818,1636,1,1.0,288.0,2006
2879,5,992.0,992,1465,2,1.0,240.0,2006
2880,5,824.0,824,1288,1,1.0,240.0,2006
2881,6,817.0,940,1550,1,1.0,318.0,2006
2882,5,901.0,1125,1717,1,1.0,410.0,2006
2883,7,1022.0,1122,1671,2,2.0,451.0,2006
2884,7,637.0,959,1609,1,3.0,579.0,2006
2885,6,697.0,1104,1801,1,2.0,365.0,2006
2886,5,1168.0,1278,2315,2,1.0,342.0,2006
2887,5,976.0,976,976,1,1.0,215.0,2006
2888,6,861.0,861,1285,1,2.0,506.0,2006
2889,4,432.0,672,672,1,0.0,0.0,2006
2890,4,641.0,641,641,1,1.0,272.0,2006
2891,6,967.0,967,1638,2,1.0,384.0,2006
2892,3,0.0,729,729,1,0.0,0.0,2006
2893,5,660.0,1060,1396,2,0.0,0.0,2006
2894,3,216.0,576,936,1,0.0,0.0,2006
2895,8,1573.0,1778,1778,2,2.0,495.0,2006
2896,8,1594.0,1646,1646,2,2.0,525.0,2006
2897,6,1625.0,1625,1625,2,2.0,576.0,2006
2898,6,1664.0,1664,1664,2,2.0,616.0,2006
2899,8,1491.0,1491,1491,2,2.0,490.0,2006
2900,6,1128.0,1210,1210,2,2.0,528.0,2006
2901,6,1632.0,1650,1650,1,2.0,518.0,2006
2902,6,1381.0,1403,1403,2,2.0,470.0,2006
2903,8,1728.0,1960,1960,2,3.0,714.0,2006
2904,9,1838.0,1838,1838,2,3.0,682.0,2006
2905,1,0.0,1600,1600,1,1.0,270.0,2006
2906,7,1288.0,1368,1368,2,4.0,784.0,2006
2907,5,264.0,616,1304,1,1.0,336.0,2006
2908,5,864.0,874,874,1,1.0,288.0,2006
2909,5,1652.0,1652,1652,2,3.0,928.0,2006
2910,4,630.0,630,630,1,0.0,0.0,2006
2911,4,546.0,546,1092,1,1.0,253.0,2006
2912,5,1104.0,1360,1360,1,1.0,336.0,2006
2913,4,546.0,546,1092,1,1.0,286.0,2006
2914,4,546.0,546,1092,1,0.0,0.0,2006
2915,4,546.0,546,1092,1,0.0,0.0,2006
2916,4,546.0,546,1092,1,1.0,286.0,2006
2917,5,1224.0,1224,1224,1,2.0,576.0,2006
2918,5,912.0,970,970,1,0.0,0.0,2006
2919,7,996.0,996,2000,2,3.0,650.0,2006
